"id","condition","x","y"
1,"away",32.33111023,61.41110125
2,"away",53.42146288,26.18688039
3,"away",63.92020226,30.83219392
4,"away",70.28950572,82.53364859
5,"away",34.11883024,45.73455132
6,"away",67.6707164,37.11094797
7,"away",53.25912941,97.4757711
8,"away",63.51498087,25.10007858
9,"away",67.98053881,80.95716522
10,"away",67.3724659,29.7204002
11,"away",15.56074952,80.06564029
12,"away",71.79076769,71.06546666
13,"away",70.24254644,24.10959755
14,"away",64.93743554,81.55420499
15,"away",62.21352455,21.475839
16,"away",67.26940048,18.70896837
17,"away",40.57019704,79.37296348
18,"away",74.74118133,21.1016372
19,"away",71.76831892,20.01106184
20,"away",76.16691981,75.9361704
21,"away",65.62365744,15.58280335
22,"away",50.85063364,13.98760163
23,"away",33.02407002,24.46783039
24,"away",39.70632617,84.2752871
25,"away",45.59648495,9.763348849
26,"away",42.96804691,17.9454584
27,"away",52.49440678,16.0511142
28,"away",46.08227578,23.11045782
29,"away",74.24770821,20.31418781
30,"away",64.56826419,83.6396339
31,"away",74.02169391,76.12827451
32,"away",62.39118056,5.623070761
33,"away",74.18903668,68.13358322
34,"away",28.23678194,56.13959645
35,"away",75.77193879,69.82923003
36,"away",75.85522947,62.51704429
37,"away",65.97085702,72.744856
38,"away",21.77804048,6.616625307
39,"away",67.75979625,72.42120153
40,"away",78.61719534,52.57525731
41,"away",68.50770819,15.45691897
42,"away",74.88502116,25.41660632
43,"away",66.45490366,19.83662865
44,"away",77.3178021,48.39834644
45,"away",58.91246032,75.66775622
46,"away",57.61744782,8.194800603
47,"away",76.0882258,59.67993002
48,"away",57.46605055,1.504418175
49,"away",79.42838349,45.21079429
50,"away",76.35652215,10.41824113
51,"away",64.40507526,78.58417608
52,"away",40.63504181,73.39475037
53,"away",43.94986459,75.95871567
54,"away",30.99622058,71.69440494
55,"away",68.23076899,80.87250166
56,"away",72.04638946,12.91800673
57,"away",46.59276797,84.97238278
58,"away",49.25721834,81.88140323
59,"away",42.78176125,12.99118843
60,"away",65.4759522,14.27458564
61,"away",71.96508265,17.71023594
62,"away",32.14646234,43.48170944
63,"away",31.8384977,71.81216539
64,"away",31.00525826,40.68250301
65,"away",80.47089432,49.50214835
66,"away",71.96416711,41.87428267
67,"away",78.07942144,93.13331677
68,"away",41.67759577,30.20126408
69,"away",65.95359519,31.14740608
70,"away",62.93445937,31.9163907
71,"away",64.37379798,28.86258341
72,"away",72.50932836,39.54013025
73,"away",30.05228987,96.61754235
74,"away",28.00332424,46.67219195
75,"away",75.40122686,88.63907662
76,"away",38.98001542,87.32216069
77,"away",65.21991355,84.68295493
78,"away",73.05398996,29.38080856
79,"away",34.39836164,59.5444469
80,"away",43.49045013,40.78254207
81,"away",55.13873797,30.72576036
82,"away",43.68439343,32.82300987
83,"away",35.90360973,91.11186308
84,"away",45.37801888,29.16921665
85,"away",39.77748287,43.75581895
86,"away",38.66446116,33.31723848
87,"away",39.04403669,84.67601083
88,"away",91.63996144,79.40660306
89,"away",47.48813268,85.38993338
90,"away",44.59021258,22.03401164
91,"away",39.08961455,70.46619408
92,"away",42.22937838,19.91406841
93,"away",37.00038714,60.26427925
94,"away",39.05208648,70.65250285
95,"away",37.48841474,60.81440485
96,"away",69.35955946,65.5213546
97,"away",43.54277593,62.46031128
98,"away",39.81123025,65.33483281
99,"away",70.06892594,7.593465609
100,"away",70.04054358,77.1438066
101,"away",39.50578908,74.85162722
102,"away",62.51689085,66.48473224
103,"away",72.13992541,0.015119325
104,"away",45.25157607,70.00342132
105,"away",42.06330456,2.335196612
106,"away",36.35569515,6.00584865
107,"away",30.39182766,42.75961287
108,"away",36.44900385,50.54626907
109,"away",40.467576,60.02751209
110,"away",81.7246168,6.037544846
111,"away",48.8231975,76.63533058
112,"away",35.62056177,57.28601558
113,"away",50.58396311,71.8066161
114,"away",61.85646511,71.79274316
115,"away",39.32375603,59.30081967
116,"away",42.18567914,66.03489782
117,"away",30.84691899,37.3416401
118,"away",29.34620043,42.14874183
119,"away",82.11055798,1.210551663
120,"away",38.30200581,60.01778579
121,"away",56.58415302,70.51251481
122,"away",33.33937429,0.509106735
123,"away",78.77423904,35.48410121
124,"away",27.92264424,25.98687818
125,"away",71.69786512,10.86814451
126,"away",74.13833139,49.17391898
127,"away",32.57902007,1.808115597
128,"away",59.83218542,69.15250814
129,"away",35.03062855,12.53664934
130,"away",74.30011983,42.47709459
131,"away",63.25019706,65.9524862
132,"away",34.17307376,25.69367431
133,"away",40.91383193,38.55901955
134,"away",62.83329309,62.51089423
135,"away",42.47679238,56.73128997
136,"away",52.03345628,64.56666203
137,"away",48.90704296,74.28774883
138,"away",59.85183839,72.95839097
139,"away",48.9604602,72.62952573
140,"away",46.84485517,36.79171369
141,"away",39.96302158,42.94491485
142,"away",66.704944,32.01509543
1,"bullseye",51.20389114,83.33977661
2,"bullseye",58.9744699,85.49981761
3,"bullseye",51.87207267,85.82973763
4,"bullseye",48.17993079,85.04511674
5,"bullseye",41.6832004,84.0179406
6,"bullseye",37.8904155,82.567493
7,"bullseye",39.54897369,80.81260177
8,"bullseye",39.64957388,82.66453387
9,"bullseye",34.75059705,80.01109099
10,"bullseye",27.56083529,72.84782559
11,"bullseye",24.63553998,71.61071483
12,"bullseye",20.95946481,66.04149838
13,"bullseye",20.68914905,62.72130521
14,"bullseye",19.28820474,62.06305936
15,"bullseye",20.02450057,61.34262387
16,"bullseye",35.469523,43.11588495
17,"bullseye",36.89432765,47.70655597
18,"bullseye",39.05554978,55.54697371
19,"bullseye",46.95708015,65.24040739
20,"bullseye",37.31045274,45.2587509
21,"bullseye",40.009672,60.98658251
22,"bullseye",48.01438668,65.71281959
23,"bullseye",53.70377593,66.38948204
24,"bullseye",63.06749989,64.03500046
25,"bullseye",62.04803251,63.84586325
26,"bullseye",59.83996671,64.47676444
27,"bullseye",55.16094182,65.23730817
28,"bullseye",61.27978658,65.7664025
29,"bullseye",60.83491753,64.60376971
30,"bullseye",61.52059065,64.79185504
31,"bullseye",36.91654386,41.09524744
32,"bullseye",38.50219967,41.56715562
33,"bullseye",48.66437073,30.68066685
34,"bullseye",50.2852524,30.33792211
35,"bullseye",42.27633267,34.52763612
36,"bullseye",54.03177562,29.67234831
37,"bullseye",37.32935526,39.60204231
38,"bullseye",41.38952255,37.29605623
39,"bullseye",40.07466666,34.6236852
40,"bullseye",35.34968062,47.14107313
41,"bullseye",34.76370042,47.62479992
42,"bullseye",37.02662945,44.46229305
43,"bullseye",36.45556953,40.79184303
44,"bullseye",35.53766421,48.72938687
45,"bullseye",20.40894789,32.20303042
46,"bullseye",23.49571047,25.32246815
47,"bullseye",29.55754336,21.36477746
48,"bullseye",33.00823391,15.98507146
49,"bullseye",53.98039918,29.35098671
50,"bullseye",52.2343086,29.71167299
51,"bullseye",59.50307661,30.66967394
52,"bullseye",41.16378107,34.31575825
53,"bullseye",48.99304012,32.03035884
54,"bullseye",59.26928032,29.64070177
55,"bullseye",45.469177,33.83119273
56,"bullseye",62.69126654,30.29037383
57,"bullseye",73.42867087,48.57785513
58,"bullseye",70.84642611,52.28225333
59,"bullseye",71.53901985,45.52180616
60,"bullseye",67.62086589,38.00655847
61,"bullseye",72.47095256,51.12213482
62,"bullseye",64.81223756,62.81091559
63,"bullseye",60.85367987,65.49914703
64,"bullseye",67.78949616,61.36370155
65,"bullseye",41.60955727,83.84868656
66,"bullseye",53.00302532,84.6747986
67,"bullseye",54.71417106,84.04312807
68,"bullseye",44.29166872,82.90944121
69,"bullseye",49.19172196,85.87622912
70,"bullseye",53.10138178,84.54765869
71,"bullseye",51.59984815,84.81982149
72,"bullseye",54.37972195,84.24035555
73,"bullseye",46.4807681,83.51821167
74,"bullseye",53.17465627,84.26056799
75,"bullseye",45.27200294,85.23707942
76,"bullseye",36.03340215,53.37168776
77,"bullseye",28.27119417,72.84023126
78,"bullseye",25.05480608,71.54859792
79,"bullseye",64.758887,82.31522364
80,"bullseye",63.14452748,85.23669633
81,"bullseye",50.42467869,85.17474759
82,"bullseye",70.64499626,82.43091876
83,"bullseye",63.14904908,83.94685535
84,"bullseye",62.82402452,84.96618595
85,"bullseye",70.23686952,82.17115106
86,"bullseye",70.04273524,80.38502135
87,"bullseye",72.57062345,80.97121843
88,"bullseye",75.13071604,79.98409314
89,"bullseye",83.29390573,70.77843179
90,"bullseye",79.66426228,73.93230972
91,"bullseye",88.43210253,64.624247
92,"bullseye",89.11555901,64.00150664
93,"bullseye",89.09219763,57.76819305
94,"bullseye",91.72600577,52.62335326
95,"bullseye",91.73553876,48.97021089
96,"bullseye",91.50788817,53.31265209
97,"bullseye",88.2390019,31.47743488
98,"bullseye",88.5305192,30.47603101
99,"bullseye",55.36516034,30.44585028
100,"bullseye",62.56025887,30.44713567
101,"bullseye",58.00666912,30.2537213
102,"bullseye",55.06711799,29.0115352
103,"bullseye",61.61477596,29.99439119
104,"bullseye",68.54314354,35.65783217
105,"bullseye",77.70610965,20.30426019
106,"bullseye",68.453046,13.03552859
107,"bullseye",68.25720644,12.38463915
108,"bullseye",70.25547467,13.25038497
109,"bullseye",65.04432528,11.00084148
110,"bullseye",60.09224661,11.87211171
111,"bullseye",52.99202897,9.906668483
112,"bullseye",50.14462898,12.21154309
113,"bullseye",46.50861419,11.20713449
114,"bullseye",43.80703196,11.31894489
115,"bullseye",57.81785469,10.94514243
116,"bullseye",50.94049266,9.691547134
117,"bullseye",63.49732308,11.91406917
118,"bullseye",50.01648295,11.93385209
119,"bullseye",58.63676508,11.97472107
120,"bullseye",54.73028909,11.41288267
121,"bullseye",65.8755478,11.73243636
122,"bullseye",57.06098271,9.920560854
123,"bullseye",46.81990795,10.49465268
124,"bullseye",38.35939487,13.43132262
125,"bullseye",47.31541578,12.85345178
126,"bullseye",55.05191654,11.94998862
127,"bullseye",50.51596026,9.765591622
128,"bullseye",49.67741465,10.38313251
129,"bullseye",67.28065952,14.12865153
130,"bullseye",66.17301826,12.03791702
131,"bullseye",61.08854414,10.08453441
132,"bullseye",66.05308577,13.38022601
133,"bullseye",72.66998927,15.23422594
134,"bullseye",61.5034725,10.82841448
135,"bullseye",68.99502863,13.99431053
136,"bullseye",78.24991617,17.88324091
137,"bullseye",36.48198057,15.16276009
138,"bullseye",50.96774838,29.67977429
139,"bullseye",91.19105361,46.67434284
140,"bullseye",55.86376849,85.33648676
141,"bullseye",49.2805948,84.04882283
142,"bullseye",43.36850154,84.3321772
1,"circle",55.99303015,79.2772637
2,"circle",50.03225379,79.0130712
3,"circle",51.28845866,82.43593984
4,"circle",51.17053689,79.16529411
5,"circle",44.37791453,78.164628
6,"circle",45.01027007,77.88086312
7,"circle",48.55981672,78.7883706
8,"circle",42.14226829,76.88063455
9,"circle",41.02697157,76.40958846
10,"circle",34.57530901,72.72484118
11,"circle",31.16860072,69.24542132
12,"circle",32.64425407,70.73255503
13,"circle",26.66664565,62.98097121
14,"circle",26.45926233,62.63467337
15,"circle",25.53800765,60.63023611
16,"circle",26.32071119,62.39628112
17,"circle",26.16338746,62.0268149
18,"circle",25.21379046,60.2733986
19,"circle",26.85952956,63.14183467
20,"circle",31.76066917,69.79765539
21,"circle",39.79329057,75.80796422
22,"circle",45.61743919,78.11997023
23,"circle",53.77146068,79.30293164
24,"circle",56.45143367,79.24710702
25,"circle",66.0937202,77.01781826
26,"circle",56.92583942,79.20631862
27,"circle",58.98825385,78.91725896
28,"circle",57.90226605,79.08086782
29,"circle",64.81286696,77.48693892
30,"circle",60.34979352,78.72944587
31,"circle",48.89055576,16.80654352
32,"circle",47.54950635,17.07140452
33,"circle",30.88943083,26.32903723
34,"circle",28.97283572,29.05046892
35,"circle",35.16136075,22.78684965
36,"circle",45.87036917,17.48939337
37,"circle",32.83142061,24.79753815
38,"circle",39.48557479,20.03305005
39,"circle",33.44618293,24.19064341
40,"circle",21.86358128,46.05259335
41,"circle",25.16587084,35.76661395
42,"circle",22.95947898,51.28770679
43,"circle",25.58605524,60.84658336
44,"circle",26.31431007,33.2971681
45,"circle",33.03730125,24.56446249
46,"circle",36.46888948,21.87611447
47,"circle",26.5135531,32.91874982
48,"circle",36.02709121,22.19543854
49,"circle",42.68104041,18.5425362
50,"circle",45.04107713,17.73451773
51,"circle",47.35241646,17.13474543
52,"circle",53.84619403,16.3873181
53,"circle",55.12963938,16.35324687
54,"circle",52.18811996,16.41821747
55,"circle",58.67266308,16.66337243
56,"circle",82.1443116,33.19522187
57,"circle",75.68657114,24.74151039
58,"circle",85.3449645,52.88641987
59,"circle",83.84465351,58.61606023
60,"circle",85.66476066,45.54275277
61,"circle",77.93100493,68.69006188
62,"circle",73.03183302,73.12057473
63,"circle",70.1028045,75.68320685
64,"circle",57.14469469,79.19410259
65,"circle",46.96246199,78.666559
66,"circle",50.56493381,79.07729855
67,"circle",53.71967657,79.30693617
68,"circle",54.20023232,79.32500234
69,"circle",47.87519834,78.67585343
70,"circle",51.47345851,79.159867
71,"circle",52.75122222,79.29365993
72,"circle",48.562223,78.78238353
73,"circle",53.08124169,79.29725077
74,"circle",56.47538337,79.1678401
75,"circle",49.57091141,79.03812388
76,"circle",37.6277033,74.55750434
77,"circle",32.26370009,70.3166389
78,"circle",32.54238034,70.70241721
79,"circle",52.82501719,85.57813388
80,"circle",58.52828954,78.97870425
81,"circle",56.26583426,79.25293949
82,"circle",57.07589242,79.19392254
83,"circle",54.25640238,79.31386485
84,"circle",62.68567125,78.17474327
85,"circle",68.08560586,76.1123175
86,"circle",65.11812196,77.39918845
87,"circle",68.7456313,75.79005545
88,"circle",63.09022514,78.0414095
89,"circle",77.20458932,69.31214977
90,"circle",82.03390848,62.68186979
91,"circle",81.57794592,63.8949255
92,"circle",85.18014328,53.78167666
93,"circle",84.28682499,57.25616809
94,"circle",85.62248671,45.02416586
95,"circle",85.60449902,50.76233791
96,"circle",84.42478583,38.76141016
97,"circle",85.57098508,44.56009644
98,"circle",84.6267242,39.48707751
99,"circle",73.39615493,22.81624794
100,"circle",73.50744773,22.85698876
101,"circle",63.35648811,17.72406884
102,"circle",72.95904687,22.51149983
103,"circle",64.02084165,17.88358125
104,"circle",61.12446324,17.11635336
105,"circle",75.67420733,24.78250097
106,"circle",69.51358316,20.27935789
107,"circle",58.57213547,16.64270381
108,"circle",70.98194099,21.1458881
109,"circle",65.2230304,18.39719512
110,"circle",65.31504391,18.3337483
111,"circle",64.01024068,17.92447819
112,"circle",57.14093593,16.59861054
113,"circle",56.36515326,16.32654637
114,"circle",43.04618324,18.40255939
115,"circle",52.08175556,16.45387453
116,"circle",42.87903652,18.48941103
117,"circle",51.5669948,16.48571364
118,"circle",58.83912512,16.63763522
119,"circle",60.75578914,17.03323151
120,"circle",54.76115612,16.3661891
121,"circle",53.569905,16.33971255
122,"circle",48.91461824,16.79863708
123,"circle",52.64613731,16.38483638
124,"circle",49.83849299,16.67633028
125,"circle",52.6840664,16.40796278
126,"circle",65.80721903,18.14076495
127,"circle",60.67392092,17.05180236
128,"circle",63.39471287,17.70053514
129,"circle",64.80200945,18.21687863
130,"circle",65.02593981,18.2878245
131,"circle",65.75555154,18.51621583
132,"circle",69.96773412,20.53898878
133,"circle",68.89278402,20.03244884
134,"circle",61.82654656,17.26965545
135,"circle",60.78797008,17.04620486
136,"circle",61.91560964,17.28219122
137,"circle",45.02899753,17.7244473
138,"circle",39.92136281,19.70184953
139,"circle",84.79427788,55.56865037
140,"circle",55.66295874,83.35647962
141,"circle",50.49224751,78.99753207
142,"circle",51.46710114,79.20184458
1,"dino",55.3846,97.1795
2,"dino",51.5385,96.0256
3,"dino",46.1538,94.4872
4,"dino",42.8205,91.4103
5,"dino",40.7692,88.3333
6,"dino",38.7179,84.8718
7,"dino",35.641,79.8718
8,"dino",33.0769,77.5641
9,"dino",28.9744,74.4872
10,"dino",26.1538,71.4103
11,"dino",23.0769,66.4103
12,"dino",22.3077,61.7949
13,"dino",22.3077,57.1795
14,"dino",23.3333,52.9487
15,"dino",25.8974,51.0256
16,"dino",29.4872,51.0256
17,"dino",32.8205,51.0256
18,"dino",35.3846,51.4103
19,"dino",40.2564,51.4103
20,"dino",44.1026,52.9487
21,"dino",46.6667,54.1026
22,"dino",50,55.2564
23,"dino",53.0769,55.641
24,"dino",56.6667,56.0256
25,"dino",59.2308,57.9487
26,"dino",61.2821,62.1795
27,"dino",61.5385,66.4103
28,"dino",61.7949,69.1026
29,"dino",57.4359,55.2564
30,"dino",54.8718,49.8718
31,"dino",52.5641,46.0256
32,"dino",48.2051,38.3333
33,"dino",49.4872,42.1795
34,"dino",51.0256,44.1026
35,"dino",45.3846,36.4103
36,"dino",42.8205,32.5641
37,"dino",38.7179,31.4103
38,"dino",35.1282,30.2564
39,"dino",32.5641,32.1795
40,"dino",30,36.7949
41,"dino",33.5897,41.4103
42,"dino",36.6667,45.641
43,"dino",38.2051,49.1026
44,"dino",29.7436,36.0256
45,"dino",29.7436,32.1795
46,"dino",30,29.1026
47,"dino",32.0513,26.7949
48,"dino",35.8974,25.2564
49,"dino",41.0256,25.2564
50,"dino",44.1026,25.641
51,"dino",47.1795,28.718
52,"dino",49.4872,31.4103
53,"dino",51.5385,34.8718
54,"dino",53.5897,37.5641
55,"dino",55.1282,40.641
56,"dino",56.6667,42.1795
57,"dino",59.2308,44.4872
58,"dino",62.3077,46.0256
59,"dino",64.8718,46.7949
60,"dino",67.9487,47.9487
61,"dino",70.5128,53.718
62,"dino",71.5385,60.641
63,"dino",71.5385,64.4872
64,"dino",69.4872,69.4872
65,"dino",46.9231,79.8718
66,"dino",48.2051,84.1026
67,"dino",50,85.2564
68,"dino",53.0769,85.2564
69,"dino",55.3846,86.0256
70,"dino",56.6667,86.0256
71,"dino",56.1538,82.9487
72,"dino",53.8462,80.641
73,"dino",51.2821,78.718
74,"dino",50,78.718
75,"dino",47.9487,77.5641
76,"dino",29.7436,59.8718
77,"dino",29.7436,62.1795
78,"dino",31.2821,62.5641
79,"dino",57.9487,99.4872
80,"dino",61.7949,99.1026
81,"dino",64.8718,97.5641
82,"dino",68.4615,94.1026
83,"dino",70.7692,91.0256
84,"dino",72.0513,86.4103
85,"dino",73.8462,83.3333
86,"dino",75.1282,79.1026
87,"dino",76.6667,75.2564
88,"dino",77.6923,71.4103
89,"dino",79.7436,66.7949
90,"dino",81.7949,60.2564
91,"dino",83.3333,55.2564
92,"dino",85.1282,51.4103
93,"dino",86.4103,47.5641
94,"dino",87.9487,46.0256
95,"dino",89.4872,42.5641
96,"dino",93.3333,39.8718
97,"dino",95.3846,36.7949
98,"dino",98.2051,33.718
99,"dino",56.6667,40.641
100,"dino",59.2308,38.3333
101,"dino",60.7692,33.718
102,"dino",63.0769,29.1026
103,"dino",64.1026,25.2564
104,"dino",64.359,24.1026
105,"dino",74.359,22.9487
106,"dino",71.2821,22.9487
107,"dino",67.9487,22.1795
108,"dino",65.8974,20.2564
109,"dino",63.0769,19.1026
110,"dino",61.2821,19.1026
111,"dino",58.7179,18.3333
112,"dino",55.1282,18.3333
113,"dino",52.3077,18.3333
114,"dino",49.7436,17.5641
115,"dino",47.4359,16.0256
116,"dino",44.8718,13.718
117,"dino",48.7179,14.8718
118,"dino",51.2821,14.8718
119,"dino",54.1026,14.8718
120,"dino",56.1538,14.1026
121,"dino",52.0513,12.5641
122,"dino",48.7179,11.0256
123,"dino",47.1795,9.8718
124,"dino",46.1538,6.0256
125,"dino",50.5128,9.4872
126,"dino",53.8462,10.2564
127,"dino",57.4359,10.2564
128,"dino",60,10.641
129,"dino",64.1026,10.641
130,"dino",66.9231,10.641
131,"dino",71.2821,10.641
132,"dino",74.359,10.641
133,"dino",78.2051,10.641
134,"dino",67.9487,8.718
135,"dino",68.4615,5.2564
136,"dino",68.2051,2.9487
137,"dino",37.6923,25.7692
138,"dino",39.4872,25.3846
139,"dino",91.2821,41.5385
140,"dino",50,95.7692
141,"dino",47.9487,95
142,"dino",44.1026,92.6923
1,"dots",51.14791671,90.86741233
2,"dots",50.51712581,89.10239459
3,"dots",50.2074802,85.4600474
4,"dots",50.06948192,83.05766953
5,"dots",50.56284634,82.93782178
6,"dots",50.2885278,82.97525357
7,"dots",25.58347508,82.91489113
8,"dots",25.48358339,82.92908498
9,"dots",25.4435257,82.8742005
10,"dots",25.56511342,82.92409777
11,"dots",25.92884427,82.82118411
12,"dots",27.55147826,51.48738653
13,"dots",27.53046637,51.41484656
14,"dots",27.09557036,52.07679944
15,"dots",27.43924961,51.71207905
16,"dots",27.87826426,50.70890793
17,"dots",27.33886892,51.65304675
18,"dots",27.67840297,51.18198917
19,"dots",52.63565768,51.41855226
20,"dots",52.02521411,52.12301105
21,"dots",52.88116479,50.62155476
22,"dots",52.95260731,50.07473901
23,"dots",52.52055249,51.5024421
24,"dots",52.34282206,51.86195209
25,"dots",51.92759021,52.25779061
26,"dots",52.71377449,51.19794432
27,"dots",50.44380279,82.94182882
28,"dots",50.21669503,83.75234297
29,"dots",52.18418011,51.97525067
30,"dots",52.79209735,51.07339565
31,"dots",52.58971986,51.3380902
32,"dots",52.02884867,52.1768375
33,"dots",52.72924658,51.20176505
34,"dots",52.88431329,50.44143545
35,"dots",52.50930089,51.41620515
36,"dots",50.86268433,17.14563109
37,"dots",50.89149225,17.14132373
38,"dots",25.8551276,17.08190869
39,"dots",26.02564455,16.92501353
40,"dots",27.89317272,50.66196341
41,"dots",27.63996794,51.39909748
42,"dots",27.8926589,50.79528152
43,"dots",52.79773294,50.68603709
44,"dots",27.58063881,51.52476126
45,"dots",26.49139853,17.40539097
46,"dots",25.98531782,17.20372213
47,"dots",26.20141928,17.09382391
48,"dots",25.85756947,17.11384266
49,"dots",50.70468436,17.02374454
50,"dots",50.81197535,17.11492526
51,"dots",50.56484556,17.07777732
52,"dots",50.93930391,16.98102188
53,"dots",50.45885484,17.03857897
54,"dots",52.90136407,50.69056272
55,"dots",52.68495344,51.29446922
56,"dots",52.50008894,51.59435617
57,"dots",51.83563726,52.33576553
58,"dots",76.9954121,52.04552865
59,"dots",77.31060048,51.74673004
60,"dots",77.92604434,50.31866042
61,"dots",77.25438834,51.46182482
62,"dots",76.2431578,52.12368985
63,"dots",77.08448437,51.9671367
64,"dots",75.2280532,82.98566202
65,"dots",50.65835477,83.11447934
66,"dots",50.20336581,82.98265686
67,"dots",50.9295477,82.84604113
68,"dots",50.17867185,83.18462233
69,"dots",50.42269806,82.90990147
70,"dots",50.46422483,82.93532841
71,"dots",50.44927033,83.96992038
72,"dots",49.92838028,82.99366549
73,"dots",50.48801364,83.09951912
74,"dots",49.96490538,83.7083177
75,"dots",50.75210826,82.9019501
76,"dots",27.42242921,51.43887623
77,"dots",27.6740834,51.30411215
78,"dots",27.53739532,51.59365408
79,"dots",52.26334738,94.24932783
80,"dots",51.73728166,92.97911753
81,"dots",75.87096369,88.38644174
82,"dots",75.24432621,83.90349738
83,"dots",75.19829529,83.46230334
84,"dots",75.70104153,82.91945886
85,"dots",75.47933966,82.88405139
86,"dots",75.19456687,82.93211578
87,"dots",74.82025396,82.96238879
88,"dots",75.16434049,83.03499717
89,"dots",75.26335555,82.9452793
90,"dots",77.75641893,51.15177033
91,"dots",77.95443505,50.47557897
92,"dots",77.08333777,52.15779927
93,"dots",76.06355025,52.10465206
94,"dots",77.68201632,51.16563781
95,"dots",76.87808198,51.8675623
96,"dots",76.94850272,51.90751654
97,"dots",77.86405471,49.66254553
98,"dots",75.77145009,17.11125121
99,"dots",52.33156913,51.87886035
100,"dots",52.59281837,51.39159152
101,"dots",50.47704772,17.04828941
102,"dots",75.29647509,17.01565319
103,"dots",75.57395413,17.06219214
104,"dots",75.40052716,17.04110689
105,"dots",75.87099084,17.13489391
106,"dots",75.60588476,17.06772306
107,"dots",75.89557705,17.16994971
108,"dots",75.7465632,17.10571651
109,"dots",75.14234148,16.75492389
110,"dots",50.66177956,17.07814052
111,"dots",50.69985064,17.08518438
112,"dots",50.91894087,17.14760476
113,"dots",50.72525854,16.90746981
114,"dots",51.26387123,17.16234971
115,"dots",51.25091965,17.24045586
116,"dots",50.78515721,17.18019648
117,"dots",50.50139658,17.10577072
118,"dots",50.73367454,16.99296341
119,"dots",50.71137854,17.08831585
120,"dots",50.8127449,16.57271805
121,"dots",51.01423296,17.22109553
122,"dots",50.35352141,17.06474308
123,"dots",50.43552957,17.0651685
124,"dots",50.63098196,17.07652235
125,"dots",51.0668072,17.20885971
126,"dots",50.79235473,17.20421434
127,"dots",50.55127806,17.08465518
128,"dots",50.55975806,17.09388377
129,"dots",75.32597855,15.77189199
130,"dots",75.04472578,17.00426226
131,"dots",75.28708772,16.17493491
132,"dots",75.23996998,17.03184749
133,"dots",75.1524592,17.0049424
134,"dots",75.96184009,16.69484223
135,"dots",75.44806251,17.04514941
136,"dots",75.75938382,16.94292965
137,"dots",50.3782623,16.94627981
138,"dots",50.53363501,17.01958137
139,"dots",77.50090732,50.16698595
140,"dots",50.69112419,87.51396042
141,"dots",49.99039495,83.99735692
142,"dots",50.12718203,82.99075
1,"h_lines",53.36656687,90.20803001
2,"h_lines",52.80197936,90.08806451
3,"h_lines",47.05412988,90.45893603
4,"h_lines",42.44843378,89.50770012
5,"h_lines",42.70403632,90.44262886
6,"h_lines",32.37893863,90.14414263
7,"h_lines",32.53070274,70.15739651
8,"h_lines",33.36526443,70.45933544
9,"h_lines",32.65609918,70.0510705
10,"h_lines",22.95509327,70.42689515
11,"h_lines",27.14984363,70.21080584
12,"h_lines",26.16690928,70.50031512
13,"h_lines",26.33145708,50.49455653
14,"h_lines",22.00370914,50.49944012
15,"h_lines",23.28474798,50.47435283
16,"h_lines",27.63403839,50.50366686
17,"h_lines",32.037108,50.50006612
18,"h_lines",29.33651065,50.46189397
19,"h_lines",40.81695313,50.4877602
20,"h_lines",42.73907512,50.48315599
21,"h_lines",51.86789377,50.49327326
22,"h_lines",43.37100189,50.50083732
23,"h_lines",53.0427983,50.48750387
24,"h_lines",56.6189103,50.50337402
25,"h_lines",70.56828982,50.49623612
26,"h_lines",67.87088729,70.06802613
27,"h_lines",58.82154659,70.45578175
28,"h_lines",60.18692784,70.48355125
29,"h_lines",59.43551748,50.42063261
30,"h_lines",49.58584348,50.43498138
31,"h_lines",41.77974178,50.47064228
32,"h_lines",46.12768634,30.44941078
33,"h_lines",38.03378377,50.49089952
34,"h_lines",44.54684128,50.41591338
35,"h_lines",46.2381176,30.49561294
36,"h_lines",49.73974533,30.47272489
37,"h_lines",39.11025189,30.47869518
38,"h_lines",39.14283779,30.79285594
39,"h_lines",34.62547027,30.49974103
40,"h_lines",34.75420747,30.495865
41,"h_lines",36.75370024,50.5293043
42,"h_lines",37.01935129,50.4926667
43,"h_lines",41.41711528,50.46977342
44,"h_lines",22.81710748,30.43604034
45,"h_lines",34.80070146,30.49793139
46,"h_lines",27.8918898,30.48497026
47,"h_lines",32.87063916,30.50234175
48,"h_lines",37.79404941,30.49263834
49,"h_lines",35.6673163,30.52203505
50,"h_lines",48.4422995,30.50172278
51,"h_lines",58.66937326,30.50683789
52,"h_lines",47.91695544,30.48672575
53,"h_lines",51.89416639,30.49475568
54,"h_lines",51.74908916,30.47299334
55,"h_lines",58.246553,50.44287449
56,"h_lines",57.31069687,50.48251329
57,"h_lines",67.96804811,50.45215891
58,"h_lines",65.94931927,50.49424079
59,"h_lines",55.74709281,50.4789748
60,"h_lines",68.40301004,50.49862723
61,"h_lines",76.69646563,50.49383056
62,"h_lines",67.21483712,70.26002844
63,"h_lines",72.30200573,70.22043738
64,"h_lines",66.76325739,70.47386171
65,"h_lines",51.68030044,89.99702755
66,"h_lines",53.09655736,89.54024371
67,"h_lines",42.24229294,89.70857859
68,"h_lines",56.23387566,89.63530816
69,"h_lines",54.68098658,89.96459946
70,"h_lines",57.90268661,89.61840173
71,"h_lines",51.82026255,89.8341304
72,"h_lines",56.82839534,89.58366473
73,"h_lines",58.27227859,69.90027296
74,"h_lines",51.82812745,70.35264921
75,"h_lines",44.84998426,70.39520297
76,"h_lines",24.27038239,50.48556769
77,"h_lines",34.74247144,70.33993489
78,"h_lines",37.79931493,70.46953588
79,"h_lines",49.78694106,89.65804699
80,"h_lines",59.75149741,89.73193252
81,"h_lines",64.77479924,90.13231674
82,"h_lines",70.8444476,89.92420902
83,"h_lines",70.60594551,90.04206196
84,"h_lines",78.64248839,89.55120323
85,"h_lines",70.81069225,89.59265401
86,"h_lines",66.76994662,70.42337521
87,"h_lines",73.33636816,70.31692717
88,"h_lines",73.10514816,70.30051188
89,"h_lines",74.67825414,70.44531419
90,"h_lines",80.24025095,70.35430896
91,"h_lines",70.94684907,50.47270179
92,"h_lines",88.66266381,50.45532602
93,"h_lines",84.40595283,50.49486589
94,"h_lines",75.98710471,50.49196696
95,"h_lines",91.11208542,50.48938939
96,"h_lines",98.28812327,30.60391937
97,"h_lines",95.06527484,30.50040287
98,"h_lines",95.24923396,30.45945421
99,"h_lines",49.65612629,50.43131987
100,"h_lines",63.01860093,30.49258193
101,"h_lines",70.5382006,30.48355825
102,"h_lines",70.08686977,30.51004482
103,"h_lines",62.68569044,30.54642456
104,"h_lines",69.23941796,30.50600524
105,"h_lines",80.40023368,30.48500637
106,"h_lines",74.64787823,30.67386286
107,"h_lines",65.99527272,30.47502419
108,"h_lines",67.088559,30.49452395
109,"h_lines",59.85257703,10.54318778
110,"h_lines",53.74899007,10.52257453
111,"h_lines",58.23909552,10.49489903
112,"h_lines",54.8103005,10.72492928
113,"h_lines",52.97671232,10.85949028
114,"h_lines",52.20389393,10.49563692
115,"h_lines",50.74516224,10.52490557
116,"h_lines",42.71319362,10.48754724
117,"h_lines",45.31722551,10.49587339
118,"h_lines",53.11691504,10.5068606
119,"h_lines",57.04980182,10.50813694
120,"h_lines",54.85463095,10.46391519
121,"h_lines",54.92484256,10.49833194
122,"h_lines",63.30955403,10.48881424
123,"h_lines",49.74949841,10.48580291
124,"h_lines",41.16931042,10.49730024
125,"h_lines",46.6883405,10.50753214
126,"h_lines",52.41892192,10.49590636
127,"h_lines",50.87848838,10.50308987
128,"h_lines",57.05330614,10.51406924
129,"h_lines",70.78645116,10.51369504
130,"h_lines",56.77214957,10.50327235
131,"h_lines",75.47722202,10.51856804
132,"h_lines",76.76591215,10.49699906
133,"h_lines",77.62104913,10.49587423
134,"h_lines",65.41448705,10.68184013
135,"h_lines",69.9647805,10.50723293
136,"h_lines",64.96973826,10.48215951
137,"h_lines",38.05024078,30.40794603
138,"h_lines",42.22412022,30.49803716
139,"h_lines",87.69846429,50.48993653
140,"h_lines",52.36033107,89.70431701
141,"h_lines",51.40678679,89.71213855
142,"h_lines",43.58846847,89.74553655
1,"high_lines",57.61323355,83.9051708
2,"high_lines",51.27439182,82.81798294
3,"high_lines",50.75389841,76.75412895
4,"high_lines",37.02118401,81.95447
5,"high_lines",42.88175509,80.18477005
6,"high_lines",37.15571048,84.95411141
7,"high_lines",38.73185813,83.78935643
8,"high_lines",31.00052541,82.5794806
9,"high_lines",25.98549962,74.34938755
10,"high_lines",23.71456629,75.09804908
11,"high_lines",23.07731951,71.72053967
12,"high_lines",24.93913687,72.58028581
13,"high_lines",17.89349871,71.10968734
14,"high_lines",23.67308186,64.87083914
15,"high_lines",23.74907191,63.5571719
16,"high_lines",32.21517863,65.60095802
17,"high_lines",29.43684125,67.55452811
18,"high_lines",40.0500952,71.88903357
19,"high_lines",37.57479502,69.98874444
20,"high_lines",49.31046863,67.16876032
21,"high_lines",47.34801855,72.59161154
22,"high_lines",50.15741443,71.16172582
23,"high_lines",58.21000827,68.04453807
24,"high_lines",56.60890766,70.40894609
25,"high_lines",52.83382053,72.55188627
26,"high_lines",61.81858546,76.11282402
27,"high_lines",61.72763341,77.06923841
28,"high_lines",62.19225208,76.15681921
29,"high_lines",58.11876586,73.11896147
30,"high_lines",58.27041238,35.59689504
31,"high_lines",59.76653031,32.6212516
32,"high_lines",52.53553472,27.17412294
33,"high_lines",50.89252158,29.14528394
34,"high_lines",49.96755118,28.46020333
35,"high_lines",51.34788323,27.36426023
36,"high_lines",37.55511629,24.53766384
37,"high_lines",39.19959418,23.68049566
38,"high_lines",36.3827222,25.23800523
39,"high_lines",41.10069438,26.55261322
40,"high_lines",28.21781182,28.28029248
41,"high_lines",33.79707204,28.69975074
42,"high_lines",43.91938731,27.79784459
43,"high_lines",44.41640111,28.94769233
44,"high_lines",28.03760277,26.80382436
45,"high_lines",31.68957613,26.66640021
46,"high_lines",27.27961285,19.25728097
47,"high_lines",31.22187836,26.44085578
48,"high_lines",33.5458051,20.0807081
49,"high_lines",39.73633061,23.49480698
50,"high_lines",42.84184265,20.33390044
51,"high_lines",47.09372989,26.99347063
52,"high_lines",51.45365835,26.02294175
53,"high_lines",49.36770682,22.0055807
54,"high_lines",48.25348097,29.27085553
55,"high_lines",61.00295976,30.01531443
56,"high_lines",60.8065608,27.86831349
57,"high_lines",59.06742702,26.78828402
58,"high_lines",61.41463372,31.03937506
59,"high_lines",68.93436947,31.61989309
60,"high_lines",63.06524386,34.23574659
61,"high_lines",72.27252287,67.64444379
62,"high_lines",75.35988197,75.42161458
63,"high_lines",72.83362587,72.11469381
64,"high_lines",70.81041484,79.35046183
65,"high_lines",45.80193476,81.65826775
66,"high_lines",45.83502017,82.74259199
67,"high_lines",40.07880645,80.24718526
68,"high_lines",51.9829247,82.20438347
69,"high_lines",57.33790605,84.99951887
70,"high_lines",62.33623276,83.2465679
71,"high_lines",58.50591009,81.74558634
72,"high_lines",56.24793514,83.51394949
73,"high_lines",55.40652083,80.26667197
74,"high_lines",53.28396884,84.26359922
75,"high_lines",44.67676155,80.23828555
76,"high_lines",30.01126425,68.14675637
77,"high_lines",29.74525392,74.40452683
78,"high_lines",37.30994835,72.5861552
79,"high_lines",61.13594691,82.53756936
80,"high_lines",61.72061919,85.70569345
81,"high_lines",63.60937986,83.36002884
82,"high_lines",70.72371623,87.15220752
83,"high_lines",75.00639264,82.42583516
84,"high_lines",75.09254978,83.43739071
85,"high_lines",70.32792918,82.0293547
86,"high_lines",70.86333083,79.40817475
87,"high_lines",75.77990482,79.88619942
88,"high_lines",78.09365907,77.75955818
89,"high_lines",76.74576122,71.97336009
90,"high_lines",78.46460344,69.74930082
91,"high_lines",76.74568485,70.04405726
92,"high_lines",85.16168219,65.51240471
93,"high_lines",91.80835257,34.96559448
94,"high_lines",91.88744859,34.76925386
95,"high_lines",92.24840166,32.37715443
96,"high_lines",91.78253274,34.38429465
97,"high_lines",96.08051937,28.0536005
98,"high_lines",92.24789883,28.07075149
99,"high_lines",57.66227662,24.06060793
100,"high_lines",59.84692489,26.17771249
101,"high_lines",64.06709621,27.77650056
102,"high_lines",60.9815014,23.93429816
103,"high_lines",59.96705791,26.80258322
104,"high_lines",62.70745411,21.99550858
105,"high_lines",69.1952352,22.70979217
106,"high_lines",65.59236265,20.6941731
107,"high_lines",64.61709853,22.44314555
108,"high_lines",59.19115913,17.76790181
109,"high_lines",55.83963137,21.61856967
110,"high_lines",59.00075862,21.17100749
111,"high_lines",56.45937113,25.14456421
112,"high_lines",52.35810536,19.41705412
113,"high_lines",51.81166378,17.0334946
114,"high_lines",54.22284562,19.50366554
115,"high_lines",49.0187554,23.48927402
116,"high_lines",35.6535812,17.51450806
117,"high_lines",46.96578576,16.78920162
118,"high_lines",49.58423926,16.75791601
119,"high_lines",51.85629997,21.96908401
120,"high_lines",55.95288863,16.7897576
121,"high_lines",51.66378626,19.9251252
122,"high_lines",45.85966932,17.12890368
123,"high_lines",39.74037952,18.74105141
124,"high_lines",52.81122164,17.85498812
125,"high_lines",56.78910436,17.30611552
126,"high_lines",54.11453178,17.67353439
127,"high_lines",55.57111973,17.36957458
128,"high_lines",65.3064625,18.19735483
129,"high_lines",66.99074915,17.22287065
130,"high_lines",72.15671894,16.81427479
131,"high_lines",70.9805804,17.15575228
132,"high_lines",72.22208221,19.3692817
133,"high_lines",79.70015835,20.74021837
134,"high_lines",64.24916065,14.91396246
135,"high_lines",66.94329143,20.1891325
136,"high_lines",66.94167666,18.24350939
137,"high_lines",39.64826665,22.73136637
138,"high_lines",37.94978369,26.52174923
139,"high_lines",86.50439056,34.89402529
140,"high_lines",50.81548536,78.95083881
141,"high_lines",51.18346666,85.12885465
142,"high_lines",40.86385523,82.9261453
1,"slant_down",52.87202149,97.34322266
2,"slant_down",59.01414449,93.57487487
3,"slant_down",56.37510904,96.30514763
4,"slant_down",37.83919968,94.3594435
5,"slant_down",39.88537342,90.63466208
6,"slant_down",44.07740513,84.1258533
7,"slant_down",31.49702549,67.91256216
8,"slant_down",25.95259655,73.03318035
9,"slant_down",36.43472391,62.29404546
10,"slant_down",24.99748269,75.44156166
11,"slant_down",32.24627514,70.11058684
12,"slant_down",18.10947229,53.70811033
13,"slant_down",21.79609923,49.49952952
14,"slant_down",24.15049107,47.18853353
15,"slant_down",28.6031956,44.2237227
16,"slant_down",20.93199968,51.64623549
17,"slant_down",35.43553253,34.96103816
18,"slant_down",44.37738282,57.68473692
19,"slant_down",46.31369241,55.68559177
20,"slant_down",46.38607392,51.00216454
21,"slant_down",42.49544009,56.90368153
22,"slant_down",44.30051503,58.13295928
23,"slant_down",46.98828335,55.42063673
24,"slant_down",52.42152316,47.86700549
25,"slant_down",64.09099819,68.65098501
26,"slant_down",63.01687176,68.22525891
27,"slant_down",67.30257792,64.41346272
28,"slant_down",67.22595689,62.47641053
29,"slant_down",50.30998872,47.26788186
30,"slant_down",45.41263892,53.87079769
31,"slant_down",54.02060718,47.26989721
32,"slant_down",49.84202225,50.57655229
33,"slant_down",50.71329957,48.77228678
34,"slant_down",55.04555491,45.98627275
35,"slant_down",37.54370126,32.88402447
36,"slant_down",39.79589781,28.44321912
37,"slant_down",28.52339102,39.79666625
38,"slant_down",31.399646,39.26526322
39,"slant_down",39.24156522,33.36141668
40,"slant_down",27.71405657,42.25005163
41,"slant_down",32.96070352,35.82311129
42,"slant_down",35.40473624,31.9391622
43,"slant_down",51.64222642,50.83834068
44,"slant_down",34.20762084,33.59380544
45,"slant_down",36.52348922,35.67104839
46,"slant_down",28.41920213,21.31574825
47,"slant_down",26.16049694,23.04223147
48,"slant_down",40.4353274,27.64007114
49,"slant_down",44.54495531,27.36224262
50,"slant_down",40.1237272,30.07316194
51,"slant_down",42.18480645,28.57367473
52,"slant_down",40.00265929,27.48751
53,"slant_down",57.12523105,42.73901914
54,"slant_down",60.37574497,41.356458
55,"slant_down",55.10589613,46.14905106
56,"slant_down",61.73727102,38.58484401
57,"slant_down",55.74124432,46.65357698
58,"slant_down",58.29640842,41.58319773
59,"slant_down",57.04254822,42.41875774
60,"slant_down",76.77561121,55.2545987
61,"slant_down",71.88707726,59.26699262
62,"slant_down",73.78837307,58.62081212
63,"slant_down",75.13968473,54.24455218
64,"slant_down",64.59631891,65.95251293
65,"slant_down",46.90953863,85.60226116
66,"slant_down",46.9051032,81.56564241
67,"slant_down",49.80698774,82.08502559
68,"slant_down",48.86324182,83.15835749
69,"slant_down",66.7481899,84.00483417
70,"slant_down",62.35976628,90.24365992
71,"slant_down",47.3748965,83.47155552
72,"slant_down",47.44646672,82.62212401
73,"slant_down",53.38528063,78.87113626
74,"slant_down",49.45270777,79.9306028
75,"slant_down",54.80268254,75.36398499
76,"slant_down",37.08824513,60.8572275
77,"slant_down",32.37596192,68.51082046
78,"slant_down",37.47701388,63.78868557
79,"slant_down",52.4066489,96.42541501
80,"slant_down",50.29704327,99.64417917
81,"slant_down",61.56332438,89.86413886
82,"slant_down",61.08656039,89.22435565
83,"slant_down",59.2364904,91.48110058
84,"slant_down",66.15400509,84.11193703
85,"slant_down",67.23133478,85.05564081
86,"slant_down",73.70990687,78.2706109
87,"slant_down",76.58045136,72.89153368
88,"slant_down",78.87658116,71.56252768
89,"slant_down",77.44900214,72.44730949
90,"slant_down",86.85370735,65.54332402
91,"slant_down",79.8065313,52.72317979
92,"slant_down",76.98827347,54.2027848
93,"slant_down",79.4793575,49.14101545
94,"slant_down",82.30415956,46.99090362
95,"slant_down",90.70069125,41.46670301
96,"slant_down",95.44348781,36.18970161
97,"slant_down",94.99748805,35.09530111
98,"slant_down",91.51784725,36.89026313
99,"slant_down",62.29264219,40.02953331
100,"slant_down",59.20347561,41.27067767
101,"slant_down",65.25639277,32.85410412
102,"slant_down",62.4447425,35.41499923
103,"slant_down",72.46240629,27.62426383
104,"slant_down",69.91942626,29.31109272
105,"slant_down",77.76285908,23.49137356
106,"slant_down",72.7784102,26.90053537
107,"slant_down",65.19831667,33.02717179
108,"slant_down",69.45985889,30.19703151
109,"slant_down",59.31505552,12.35431367
110,"slant_down",51.48771336,20.84361069
111,"slant_down",57.11244755,15.32178517
112,"slant_down",50.22441782,19.17096988
113,"slant_down",50.43386119,18.53487085
114,"slant_down",56.3803054,14.78845971
115,"slant_down",54.8635046,14.00961192
116,"slant_down",45.49985765,3.985426293
117,"slant_down",49.93674531,21.59009692
118,"slant_down",53.80987292,17.76641445
119,"slant_down",59.85267828,9.039949921
120,"slant_down",48.17565679,19.52121535
121,"slant_down",50.74171907,17.83840561
122,"slant_down",58.4597613,14.14866285
123,"slant_down",50.11459752,1.741461713
124,"slant_down",45.42038208,5.372408995
125,"slant_down",51.3532682,0.303872421
126,"slant_down",53.09170442,19.29003045
127,"slant_down",58.94316654,11.61287779
128,"slant_down",59.31099042,10.57213637
129,"slant_down",68.22219866,1.133880366
130,"slant_down",62.51177199,7.491232483
131,"slant_down",69.38005636,1.488132333
132,"slant_down",82.80024787,18.52937624
133,"slant_down",85.16033218,15.01836954
134,"slant_down",67.0958477,0.601490942
135,"slant_down",62.30775057,5.749974719
136,"slant_down",59.97041505,7.913310474
137,"slant_down",39.91163517,32.14402261
138,"slant_down",39.59650098,32.13613173
139,"slant_down",95.5934164,33.2341294
140,"slant_down",52.77228811,99.61347168
141,"slant_down",53.17861445,98.60386119
142,"slant_down",37.62705346,93.06067295
1,"slant_up",47.69520089,95.24118693
2,"slant_up",44.60997591,93.07583503
3,"slant_up",43.85638148,94.08587177
4,"slant_up",41.5789294,90.30356654
5,"slant_up",49.17741856,96.61053245
6,"slant_up",42.65225098,90.56063973
7,"slant_up",30.12333182,81.14429533
8,"slant_up",31.91551999,79.79041349
9,"slant_up",27.88771936,75.44557599
10,"slant_up",27.54823445,75.16475905
11,"slant_up",20.20977816,67.5166421
12,"slant_up",24.44345283,54.47365512
13,"slant_up",24.63083013,53.3957389
14,"slant_up",21.0379689,49.82929965
15,"slant_up",27.10624293,54.71955315
16,"slant_up",28.08961766,60.51221255
17,"slant_up",31.13573492,61.43191271
18,"slant_up",37.70083752,68.41840528
19,"slant_up",43.3926884,43.59759407
20,"slant_up",51.26239748,49.66650513
21,"slant_up",43.28671292,43.05686032
22,"slant_up",55.90591623,54.25267253
23,"slant_up",50.19895895,52.22502959
24,"slant_up",55.76158737,54.03051724
25,"slant_up",58.32313965,60.03105916
26,"slant_up",70.17145753,70.28222124
27,"slant_up",60.60027647,59.75330888
28,"slant_up",63.76027502,61.18564117
29,"slant_up",54.38949526,53.81190123
30,"slant_up",55.24129699,52.59357463
31,"slant_up",49.07012675,48.89694468
32,"slant_up",46.01811902,46.25772337
33,"slant_up",44.75958744,41.97460661
34,"slant_up",51.60062413,50.03246689
35,"slant_up",36.46588202,35.52418761
36,"slant_up",33.39479873,35.01680131
37,"slant_up",37.58007157,38.8315722
38,"slant_up",36.61972206,36.81141411
39,"slant_up",36.16346644,33.8193142
40,"slant_up",33.16775703,31.24774117
41,"slant_up",42.64498293,40.15432164
42,"slant_up",47.22502527,44.57564662
43,"slant_up",48.392363,50.33152856
44,"slant_up",27.2451932,29.81950745
45,"slant_up",30.40431434,29.07953992
46,"slant_up",30.08079929,27.58802552
47,"slant_up",33.98063397,35.03305815
48,"slant_up",34.25061176,34.44158657
49,"slant_up",51.14118357,20.61832378
50,"slant_up",49.89959207,19.56408354
51,"slant_up",55.58987734,26.29924511
52,"slant_up",55.48205636,22.82746624
53,"slant_up",63.57293938,32.93861761
54,"slant_up",59.02507708,28.32208588
55,"slant_up",62.42377859,33.48659529
56,"slant_up",47.8499077,48.55662465
57,"slant_up",52.26856168,52.8052402
58,"slant_up",68.85102158,39.57343427
59,"slant_up",65.67639603,35.10931543
60,"slant_up",77.74688511,47.37182411
61,"slant_up",80.35293412,47.80029889
62,"slant_up",60.33758649,63.03495933
63,"slant_up",61.65872333,64.10002348
64,"slant_up",71.54503899,72.65771633
65,"slant_up",49.04095664,77.36258327
66,"slant_up",51.88688802,80.11360769
67,"slant_up",57.96898144,85.35604573
68,"slant_up",54.85566465,83.78339767
69,"slant_up",54.13319546,83.79399608
70,"slant_up",51.30882526,80.13639116
71,"slant_up",61.12039438,88.70405291
72,"slant_up",55.56386503,85.81037514
73,"slant_up",55.04412336,83.54141063
74,"slant_up",50.44418532,78.19588831
75,"slant_up",43.827709,71.04705221
76,"slant_up",37.79143238,66.85464103
77,"slant_up",29.29278311,59.79199693
78,"slant_up",32.19209695,60.20065091
79,"slant_up",51.43393552,99.25686729
80,"slant_up",67.46413981,95.99996391
81,"slant_up",65.15070528,92.50263374
82,"slant_up",65.5834277,93.51706094
83,"slant_up",69.28897314,99.57959113
84,"slant_up",81.26944055,80.63594493
85,"slant_up",78.57574484,76.81570309
86,"slant_up",74.1867735,74.34420415
87,"slant_up",72.62220941,74.52696565
88,"slant_up",75.14151959,73.81966846
89,"slant_up",75.16866784,73.90044488
90,"slant_up",85.32420289,55.38857883
91,"slant_up",84.0905076,56.30196801
92,"slant_up",86.25622382,55.83093038
93,"slant_up",92.54879332,42.90190791
94,"slant_up",90.34263451,37.7803861
95,"slant_up",85.8191629,37.57138618
96,"slant_up",90.44181811,40.13311342
97,"slant_up",92.01755908,39.91793113
98,"slant_up",95.26052784,46.00883027
99,"slant_up",41.2902998,42.31155241
100,"slant_up",66.43132432,36.53610974
101,"slant_up",63.98634689,32.71343161
102,"slant_up",61.26968209,29.38572405
103,"slant_up",60.74938919,28.05173634
104,"slant_up",64.65523056,16.61227651
105,"slant_up",68.63828071,18.5080129
106,"slant_up",65.77666516,16.78765607
107,"slant_up",71.13412634,19.38595753
108,"slant_up",63.7231835,14.5214212
109,"slant_up",73.00149407,24.07381254
110,"slant_up",72.4366575,20.57834511
111,"slant_up",68.41276712,19.91312654
112,"slant_up",52.85831502,20.235061
113,"slant_up",53.52995267,24.24191558
114,"slant_up",50.75974105,18.0893946
115,"slant_up",42.53480844,10.16986846
116,"slant_up",41.53039785,13.39629075
117,"slant_up",46.71451799,15.61327447
118,"slant_up",48.45061765,16.21227822
119,"slant_up",59.63261012,7.058037199
120,"slant_up",61.61856825,13.41082272
121,"slant_up",48.83398913,17.72595587
122,"slant_up",45.34265319,13.90881239
123,"slant_up",42.41501229,11.6937811
124,"slant_up",58.93476506,9.369201219
125,"slant_up",60.68362604,10.63264156
126,"slant_up",54.81179837,6.569648703
127,"slant_up",61.58684243,11.02758584
128,"slant_up",59.71600776,11.51909686
129,"slant_up",58.41638401,5.645777483
130,"slant_up",59.24380953,10.54014209
131,"slant_up",56.59436464,8.917344045
132,"slant_up",68.49251322,17.98736343
133,"slant_up",65.00594317,15.91266865
134,"slant_up",63.92103671,15.62096103
135,"slant_up",53.51297054,5.875109528
136,"slant_up",57.83280627,9.222384623
137,"slant_up",31.03291744,28.92814189
138,"slant_up",31.33324409,32.53856948
139,"slant_up",86.40154985,38.74693317
140,"slant_up",47.44211164,98.18430186
141,"slant_up",46.26474134,94.11619216
142,"slant_up",40.16381574,87.44867235
1,"star",58.21360826,91.88189151
2,"star",58.19605369,92.21498865
3,"star",58.71823072,90.31053209
4,"star",57.27837287,89.90760672
5,"star",58.08202049,92.00814501
6,"star",57.48944777,88.08528556
7,"star",28.08874132,63.51079443
8,"star",28.08546821,63.59019695
9,"star",28.08727305,63.12328281
10,"star",27.57802522,62.82103866
11,"star",27.77991911,63.51814752
12,"star",28.58899981,63.02408057
13,"star",28.7391415,62.72086389
14,"star",27.02460324,62.90185886
15,"star",28.8013367,63.38904039
16,"star",27.18646384,63.55872965
17,"star",29.2851466,63.38360583
18,"star",39.4029453,51.1508572
19,"star",28.81132844,61.35785406
20,"star",34.30395791,56.54212591
21,"star",29.60276098,60.15734672
22,"star",49.11615686,63.66000062
23,"star",39.61754583,62.92518796
24,"star",43.23308466,63.16521872
25,"star",64.89278794,65.81417676
26,"star",62.49014932,74.58428961
27,"star",68.98808443,63.23214731
28,"star",62.10561863,75.99087076
29,"star",32.46184674,62.88190292
30,"star",41.32720065,49.07025127
31,"star",44.00714993,46.44967378
32,"star",44.07406069,34.55320389
33,"star",44.00131524,33.90420735
34,"star",45.00630045,38.29901955
35,"star",44.44384061,36.0190833
36,"star",42.1787134,26.49211948
37,"star",44.04456562,35.66223828
38,"star",41.64045402,27.09309542
39,"star",41.93833001,24.99152298
40,"star",44.05392751,33.55639249
41,"star",39.20671933,51.5337157
42,"star",28.70444923,61.7775254
43,"star",31.7086629,58.83775437
44,"star",42.81171147,30.02044842
45,"star",43.30061489,31.5264262
46,"star",40.39863291,16.34700838
47,"star",40.43569158,20.23267068
48,"star",40.93654667,16.91300484
49,"star",39.66157367,15.60935558
50,"star",40.89925918,20.79852895
51,"star",41.96861683,26.4970726
52,"star",40.38340582,21.39122552
53,"star",56.53812645,32.44424547
54,"star",52.97069128,29.04019669
55,"star",54.62095259,30.34452445
56,"star",65.09904439,27.24155756
57,"star",63.05599091,29.70909567
58,"star",70.96013623,41.25950129
59,"star",69.89581924,43.45375927
60,"star",70.59589286,41.96474387
61,"star",69.64702143,44.04444502
62,"star",77.39298249,63.37145906
63,"star",64.40078719,67.44871845
64,"star",63.86895983,70.21373883
65,"star",56.59442132,86.92700622
66,"star",56.53133729,87.49981107
67,"star",59.65215837,87.80946159
68,"star",56.6365087,85.63749556
69,"star",58.672288,90.07716031
70,"star",58.22161273,90.41101877
71,"star",57.91466448,89.95380277
72,"star",55.31550906,80.25186069
73,"star",54.57572859,77.53628847
74,"star",54.41309365,78.22908659
75,"star",55.0745059,79.81754642
76,"star",29.43296052,60.80177654
77,"star",29.42268607,63.06846482
78,"star",29.00561416,63.39075133
79,"star",58.46183859,90.26532639
80,"star",57.99780474,92.15990861
81,"star",57.54947408,90.74890656
82,"star",59.52992846,88.32727415
83,"star",58.24939106,92.12968148
84,"star",58.02451401,91.69442117
85,"star",58.38212449,90.55347607
86,"star",62.56675904,77.74393476
87,"star",72.17582431,63.12892942
88,"star",79.47276157,63.40868612
89,"star",80.35770088,63.29543754
90,"star",78.75723614,53.33262001
91,"star",82.54023959,56.54105229
92,"star",86.43589719,59.79276181
93,"star",79.48868442,53.65167426
94,"star",81.53042032,56.02536457
95,"star",79.18678857,53.23479185
96,"star",77.89905795,51.82245833
97,"star",75.13071421,23.37244197
98,"star",76.05801375,16.38374969
99,"star",57.61467439,33.82244765
100,"star",56.17139753,32.11798877
101,"star",66.2878906,26.11710975
102,"star",67.88171962,24.23601841
103,"star",64.0280813,27.67268551
104,"star",77.49665175,14.94852356
105,"star",77.63465176,14.46185393
106,"star",77.86372643,14.61067765
107,"star",77.33815817,15.89005466
108,"star",76.18041653,15.91257375
109,"star",77.25265109,15.15151702
110,"star",77.41337528,15.22192798
111,"star",76.7318494,16.21684614
112,"star",49.47110541,25.06301931
113,"star",42.47653994,18.33847356
114,"star",43.59511586,19.99420098
115,"star",50.33996967,26.47139661
116,"star",40.74898026,16.18214166
117,"star",38.38652558,14.58021515
118,"star",38.40401521,14.45194845
119,"star",38.76427889,14.36559047
120,"star",41.47014233,17.27803344
121,"star",47.15540481,22.37793253
122,"star",39.58256675,17.64845284
123,"star",41.74024382,17.82932431
124,"star",39.31187189,15.64071697
125,"star",41.67984769,17.74591901
126,"star",39.08746445,15.12230394
127,"star",41.48150286,18.04743744
128,"star",77.60608655,15.16287254
129,"star",75.98266152,16.30692238
130,"star",76.94575724,15.85847833
131,"star",77.54372007,15.25394915
132,"star",77.58473984,15.83003939
133,"star",76.82230426,15.59516532
134,"star",77.34857166,15.77452924
135,"star",77.57315269,14.78064583
136,"star",77.97261068,14.95569875
137,"star",41.52891976,24.91642519
138,"star",43.7225508,19.0773278
139,"star",79.32607818,52.90039129
140,"star",56.66397408,87.94012501
141,"star",57.82178923,90.69316655
142,"star",58.2431719,92.10432787
1,"v_lines",50.48150817,93.22270137
2,"v_lines",50.28240567,97.60998357
3,"v_lines",50.18670334,99.69468014
4,"v_lines",50.32691086,90.02205349
5,"v_lines",50.45620733,89.98741013
6,"v_lines",30.46484693,82.08923208
7,"v_lines",30.50159647,82.30712635
8,"v_lines",30.48956923,77.72988014
9,"v_lines",30.45024833,79.8348944
10,"v_lines",30.5183948,68.25258294
11,"v_lines",30.51166121,66.09371818
12,"v_lines",30.49807771,62.38498503
13,"v_lines",30.62022775,60.86008215
14,"v_lines",30.49218542,55.87891689
15,"v_lines",30.47463433,52.32215964
16,"v_lines",30.50099808,48.06969968
17,"v_lines",30.49442136,45.77347553
18,"v_lines",30.49954455,49.38209975
19,"v_lines",50.14439298,47.01428364
20,"v_lines",49.91289859,55.58783891
21,"v_lines",50.33742749,57.95531428
22,"v_lines",50.4189792,60.52491173
23,"v_lines",50.20525897,57.92421717
24,"v_lines",50.43531516,56.43932247
25,"v_lines",69.5057889,59.28492483
26,"v_lines",69.53407098,64.89297733
27,"v_lines",69.51010693,61.32962443
28,"v_lines",69.52632289,56.99527913
29,"v_lines",49.94723996,48.22957673
30,"v_lines",50.06310413,58.08503756
31,"v_lines",50.48990237,39.20541197
32,"v_lines",49.68886384,42.01851441
33,"v_lines",50.33348111,43.58867148
34,"v_lines",50.44675142,57.23058894
35,"v_lines",50.4209092,43.3479569
36,"v_lines",50.37405205,32.91824062
37,"v_lines",30.47682991,39.42460559
38,"v_lines",30.50347435,38.34855614
39,"v_lines",30.50483493,28.77148799
40,"v_lines",30.46221846,32.75047203
41,"v_lines",30.49130262,43.56137408
42,"v_lines",30.44965384,44.995123
43,"v_lines",30.48599422,47.34794647
44,"v_lines",30.50207679,36.44121292
45,"v_lines",30.47805889,28.02058049
46,"v_lines",30.50116088,38.31413856
47,"v_lines",30.50477302,26.41662567
48,"v_lines",30.50911533,22.82554712
49,"v_lines",50.11563217,16.69400655
50,"v_lines",50.44830134,21.64025646
51,"v_lines",50.17317743,29.17786439
52,"v_lines",49.92274192,38.44047291
53,"v_lines",50.31129937,26.86048827
54,"v_lines",50.39940961,38.96383892
55,"v_lines",50.33736264,40.91338614
56,"v_lines",50.2023181,47.212948
57,"v_lines",50.27493261,49.62349934
58,"v_lines",69.49438031,52.61241071
59,"v_lines",69.51933976,47.38453371
60,"v_lines",69.52918261,57.84126668
61,"v_lines",69.4957555,58.78507316
62,"v_lines",69.19905771,60.41895732
63,"v_lines",69.55109144,58.40109827
64,"v_lines",69.50668432,68.08446679
65,"v_lines",50.44411755,75.01329951
66,"v_lines",50.46722938,90.28146451
67,"v_lines",50.21088198,80.94177171
68,"v_lines",50.20540696,90.6405359
69,"v_lines",50.43829066,92.35476027
70,"v_lines",50.37351885,82.21920572
71,"v_lines",50.25368369,81.74382872
72,"v_lines",50.25047086,71.95138521
73,"v_lines",50.08705836,73.95187363
74,"v_lines",50.23107188,80.64738706
75,"v_lines",50.20774112,73.11450352
76,"v_lines",30.49950617,53.61252767
77,"v_lines",30.52036124,65.10040907
78,"v_lines",30.45495589,63.50177878
79,"v_lines",50.41647723,97.26969196
80,"v_lines",69.52506938,93.59805021
81,"v_lines",69.5202566,97.19387602
82,"v_lines",69.49897007,92.12048993
83,"v_lines",69.52861566,91.62208824
84,"v_lines",69.49976693,84.47968329
85,"v_lines",69.50380137,81.81540562
86,"v_lines",69.4875894,81.83598756
87,"v_lines",69.51911573,71.11596722
88,"v_lines",69.50437629,70.49344382
89,"v_lines",69.51257301,61.49756395
90,"v_lines",89.49420056,62.23432697
91,"v_lines",89.50012405,53.21633062
92,"v_lines",89.49024625,48.89079655
93,"v_lines",89.49778562,46.62990667
94,"v_lines",89.50485113,48.42340816
95,"v_lines",89.50105265,43.3473437
96,"v_lines",89.48884125,40.62509122
97,"v_lines",89.50162353,45.81517919
98,"v_lines",89.49752966,33.90137267
99,"v_lines",50.43909202,37.6707718
100,"v_lines",50.17985013,36.80755934
101,"v_lines",69.50507067,33.7401525
102,"v_lines",69.57986705,21.93523675
103,"v_lines",69.50647195,22.72866287
104,"v_lines",69.49947887,16.33746998
105,"v_lines",69.50026475,27.13602399
106,"v_lines",69.50415652,23.6689181
107,"v_lines",69.53227958,21.85090082
108,"v_lines",69.50011149,11.79162601
109,"v_lines",69.50481542,15.61435826
110,"v_lines",69.50347452,17.16908977
111,"v_lines",50.37740199,16.50601506
112,"v_lines",50.33942548,18.72345069
113,"v_lines",50.0936501,11.60771342
114,"v_lines",49.93412717,22.25613974
115,"v_lines",50.28881861,13.43641047
116,"v_lines",50.28799443,12.87228221
117,"v_lines",50.2347207,20.40447292
118,"v_lines",50.27970164,15.60873757
119,"v_lines",50.25300672,11.30208425
120,"v_lines",50.47414112,12.46199667
121,"v_lines",50.10843997,18.25904434
122,"v_lines",49.91905825,3.716853886
123,"v_lines",50.08366451,10.2358819
124,"v_lines",50.35226084,12.46860053
125,"v_lines",50.49757224,7.409625234
126,"v_lines",50.01630583,16.25368479
127,"v_lines",50.46822122,13.35670246
128,"v_lines",69.55067898,9.032987569
129,"v_lines",69.51867275,15.18048643
130,"v_lines",69.50345741,16.87831327
131,"v_lines",69.49948683,10.20782668
132,"v_lines",69.52752968,9.992296666
133,"v_lines",69.51909526,11.4226857
134,"v_lines",69.56189943,15.99980379
135,"v_lines",69.50104452,5.955833539
136,"v_lines",69.52463598,2.73476017
137,"v_lines",30.49959371,26.08556157
138,"v_lines",30.48739171,19.77947037
139,"v_lines",89.50018047,31.97891744
140,"v_lines",50.41027163,98.62836944
141,"v_lines",50.32592439,94.99463085
142,"v_lines",50.1040315,95.08853802
1,"wide_lines",65.81554009,95.58837406
2,"wide_lines",65.67226516,91.93340181
3,"wide_lines",39.00271645,92.26183816
4,"wide_lines",37.7953028,93.53245536
5,"wide_lines",35.51390059,89.59919011
6,"wide_lines",39.21945291,83.54348184
7,"wide_lines",31.58820139,77.02805242
8,"wide_lines",32.65777825,80.1138613
9,"wide_lines",31.64159927,77.61083319
10,"wide_lines",30.98714261,63.94402803
11,"wide_lines",27.43963221,65.74446296
12,"wide_lines",30.57836994,65.52194547
13,"wide_lines",28.80940164,59.62100447
14,"wide_lines",27.93951858,50.98506213
15,"wide_lines",33.84994979,46.28447445
16,"wide_lines",32.62846305,54.06372049
17,"wide_lines",32.43865009,49.90301949
18,"wide_lines",35.83829208,53.35148834
19,"wide_lines",37.14204292,49.74198795
20,"wide_lines",34.64454677,54.44410778
21,"wide_lines",35.6754047,49.62564335
22,"wide_lines",64.99458547,49.46217283
23,"wide_lines",66.12914983,61.64371789
24,"wide_lines",65.79065188,55.94537372
25,"wide_lines",67.50178061,60.85022747
26,"wide_lines",67.62951422,61.42910607
27,"wide_lines",63.91006406,62.97233493
28,"wide_lines",66.54935797,67.72558866
29,"wide_lines",64.05154171,48.82009398
30,"wide_lines",68.19328958,46.54354081
31,"wide_lines",65.2783892,44.82035293
32,"wide_lines",34.99766139,28.63299394
33,"wide_lines",33.92376617,53.55868852
34,"wide_lines",66.00445437,52.68466915
35,"wide_lines",37.02325625,32.11848168
36,"wide_lines",34.69827009,36.47535413
37,"wide_lines",34.86344417,30.93927452
38,"wide_lines",31.09006508,32.38375472
39,"wide_lines",34.92130615,35.41843805
40,"wide_lines",30.34336118,32.52456317
41,"wide_lines",35.48332887,44.49163493
42,"wide_lines",33.23491043,38.50248372
43,"wide_lines",35.43994362,47.79751769
44,"wide_lines",33.87350952,37.05602845
45,"wide_lines",28.5641378,34.62639972
46,"wide_lines",31.31954867,31.66399053
47,"wide_lines",30.79617438,23.51903436
48,"wide_lines",34.23335543,22.4959116
49,"wide_lines",36.63078771,31.47683126
50,"wide_lines",34.5486191,26.11108787
51,"wide_lines",37.5196356,29.26760589
52,"wide_lines",62.42569733,34.04420627
53,"wide_lines",64.32038379,31.78562948
54,"wide_lines",65.44553251,43.27349919
55,"wide_lines",64.32563159,41.61597638
56,"wide_lines",65.2643382,35.71754478
57,"wide_lines",66.38870418,38.84474434
58,"wide_lines",68.19142282,45.16948648
59,"wide_lines",68.54066245,48.43852634
60,"wide_lines",67.66143127,51.06858459
61,"wide_lines",68.67551605,50.46523481
62,"wide_lines",69.08170998,55.4740531
63,"wide_lines",69.04871649,66.36604575
64,"wide_lines",67.30822338,71.59029658
65,"wide_lines",38.71489941,76.39697782
66,"wide_lines",35.54809488,89.30497584
67,"wide_lines",36.71067294,86.074967
68,"wide_lines",64.91266244,87.64579606
69,"wide_lines",66.06413574,89.20866858
70,"wide_lines",64.93592948,87.07213812
71,"wide_lines",67.02655071,76.22251533
72,"wide_lines",65.31403223,77.93874403
73,"wide_lines",64.29521778,84.12585721
74,"wide_lines",38.79801214,74.61063043
75,"wide_lines",34.67575731,79.63759877
76,"wide_lines",30.71926194,58.81206008
77,"wide_lines",34.10515093,64.12919723
78,"wide_lines",33.42337185,67.09574336
79,"wide_lines",66.31380967,98.93102704
80,"wide_lines",65.30963145,98.16515684
81,"wide_lines",65.71407607,99.28376395
82,"wide_lines",67.59345319,90.95190982
83,"wide_lines",66.38801732,89.28123047
84,"wide_lines",67.80618811,91.68817735
85,"wide_lines",70.96261031,86.51812135
86,"wide_lines",71.99363717,78.82094807
87,"wide_lines",72.47983433,80.80068306
88,"wide_lines",74.07842923,72.95153085
89,"wide_lines",72.03628802,69.71604842
90,"wide_lines",72.99818627,59.66564471
91,"wide_lines",74.81213123,57.58988376
92,"wide_lines",73.02730502,46.27418787
93,"wide_lines",77.06711193,51.48691819
94,"wide_lines",75.01713687,46.62244265
95,"wide_lines",76.66530773,38.44025097
96,"wide_lines",77.91587423,45.92684338
97,"wide_lines",73.74204608,39.12098532
98,"wide_lines",75.32981579,32.83035192
99,"wide_lines",63.41043551,38.37773561
100,"wide_lines",68.85648667,43.08414721
101,"wide_lines",66.33778505,33.30651
102,"wide_lines",64.2037185,26.6441143
103,"wide_lines",64.49863483,22.86350133
104,"wide_lines",68.89099061,27.29620567
105,"wide_lines",72.37152334,21.96163975
106,"wide_lines",69.76542497,19.99985045
107,"wide_lines",68.62131244,18.91567644
108,"wide_lines",64.29773717,20.42874969
109,"wide_lines",66.69926509,18.59108534
110,"wide_lines",67.54452768,16.44793813
111,"wide_lines",63.94695198,18.69284545
112,"wide_lines",64.38819207,15.77281228
113,"wide_lines",65.57004569,23.76575822
114,"wide_lines",38.40283688,19.04685867
115,"wide_lines",37.83236002,14.46948945
116,"wide_lines",36.90416117,13.58381575
117,"wide_lines",36.28614305,17.10577073
118,"wide_lines",62.78663259,13.9189931
119,"wide_lines",66.81767922,11.41249716
120,"wide_lines",66.75502141,18.08530514
121,"wide_lines",65.41552839,10.46351221
122,"wide_lines",36.94633144,13.5143775
123,"wide_lines",37.82543474,9.601034295
124,"wide_lines",36.72283794,9.333302107
125,"wide_lines",67.07332178,6.049214582
126,"wide_lines",64.60181811,12.00191696
127,"wide_lines",65.43728218,15.54538608
128,"wide_lines",67.00402238,15.34582664
129,"wide_lines",66.72419207,5.249805481
130,"wide_lines",68.30761876,13.28091652
131,"wide_lines",68.76804828,13.52145655
132,"wide_lines",74.16727175,5.349880873
133,"wide_lines",64.90035797,16.24525837
134,"wide_lines",68.76343355,8.700572944
135,"wide_lines",66.81691392,12.27329434
136,"wide_lines",67.30934665,0.21700627
137,"wide_lines",34.73182931,19.60179507
138,"wide_lines",33.67444215,26.09049021
139,"wide_lines",75.62725502,37.12875195
140,"wide_lines",40.61012542,89.13623987
141,"wide_lines",39.11436645,96.48175132
142,"wide_lines",34.58382893,89.58890199
1,"x_shape",38.33775718,92.47271905
2,"x_shape",35.75187079,94.11676803
3,"x_shape",32.76721796,88.51829458
4,"x_shape",33.72960678,88.62226579
5,"x_shape",37.23824933,83.72492841
6,"x_shape",36.02719822,82.04078065
7,"x_shape",39.23928078,79.26372384
8,"x_shape",39.78452494,82.2605659
9,"x_shape",35.16602939,84.15649198
10,"x_shape",40.62211592,78.54210421
11,"x_shape",39.18190709,79.8190372
12,"x_shape",42.43088899,75.13363464
13,"x_shape",43.08125586,75.34670164
14,"x_shape",44.36071943,70.47420705
15,"x_shape",44.32477884,71.0459044
16,"x_shape",47.5521602,66.46040372
17,"x_shape",48.66492462,64.96100494
18,"x_shape",46.28063196,68.02842315
19,"x_shape",50.56324448,62.62382797
20,"x_shape",52.63096423,59.96393579
21,"x_shape",54.63620644,57.49384244
22,"x_shape",51.34602714,61.60055304
23,"x_shape",57.13485535,53.8779658
24,"x_shape",54.17124157,58.0598079
25,"x_shape",50.94238231,62.09739394
26,"x_shape",66.51292446,59.07128185
27,"x_shape",64.3979095,56.1748754
28,"x_shape",68.68659329,62.23734399
29,"x_shape",65.02779371,57.09625735
30,"x_shape",53.30450317,40.88384455
31,"x_shape",52.94517809,40.38462569
32,"x_shape",45.2257382,30.55522592
33,"x_shape",50.84330462,37.7446281
34,"x_shape",49.65929394,36.27344274
35,"x_shape",47.14278893,32.02506417
36,"x_shape",41.27005653,21.72181715
37,"x_shape",47.13012716,31.30990292
38,"x_shape",40.91597158,23.54159239
39,"x_shape",38.66016397,21.68954964
40,"x_shape",42.61255083,24.19505377
41,"x_shape",41.2090395,24.12870919
42,"x_shape",50.64922115,37.48379074
43,"x_shape",52.13190194,39.36460208
44,"x_shape",39.79727127,16.08354965
45,"x_shape",43.54988148,24.30721094
46,"x_shape",36.71466334,17.38180986
47,"x_shape",37.22461013,17.98006448
48,"x_shape",40.51244785,22.96221457
49,"x_shape",40.22206279,20.6146217
50,"x_shape",44.12496121,23.36624529
51,"x_shape",42.3462616,24.55832694
52,"x_shape",44.18908437,28.77262547
53,"x_shape",45.81424531,31.05697967
54,"x_shape",46.64311927,31.40721906
55,"x_shape",52.1898883,39.36779649
56,"x_shape",51.10031736,38.09569998
57,"x_shape",65.40083415,42.61403204
58,"x_shape",64.85203983,43.13373484
59,"x_shape",63.40380601,44.84749369
60,"x_shape",65.37154887,42.69597132
61,"x_shape",61.9080397,53.19035207
62,"x_shape",71.826653,65.68623036
63,"x_shape",72.65462316,66.87827761
64,"x_shape",76.88857816,72.16547208
65,"x_shape",43.74461968,71.26796108
66,"x_shape",39.05424844,83.1190207
67,"x_shape",39.93167463,79.939188
68,"x_shape",39.76282611,76.40596745
69,"x_shape",41.32338329,80.2118686
70,"x_shape",41.78732323,83.98807799
71,"x_shape",39.75564907,79.65709664
72,"x_shape",40.7498794,77.20465729
73,"x_shape",43.8568985,77.60984365
74,"x_shape",42.3678225,73.63827183
75,"x_shape",39.46295984,78.4599739
76,"x_shape",44.51733395,70.36934983
77,"x_shape",41.636093,76.24922292
78,"x_shape",45.42293218,69.09550167
79,"x_shape",42.00285627,97.83761472
80,"x_shape",76.10562903,95.30498058
81,"x_shape",79.20256268,92.40721563
82,"x_shape",84.84824409,95.42480453
83,"x_shape",81.56447532,83.79290723
84,"x_shape",85.4461864,83.07829384
85,"x_shape",80.31249138,76.51623895
86,"x_shape",80.7662323,79.89606568
87,"x_shape",82.67011248,81.71147985
88,"x_shape",77.16362548,73.52371896
89,"x_shape",74.07070003,68.47956429
90,"x_shape",74.11423087,71.92636352
91,"x_shape",68.94207546,62.63515058
92,"x_shape",73.24200233,67.35327113
93,"x_shape",71.86701316,34.32915759
94,"x_shape",71.56918885,34.69921861
95,"x_shape",71.48290969,34.68051699
96,"x_shape",78.12852205,23.13923184
97,"x_shape",78.78982525,25.59719335
98,"x_shape",77.7815468,23.44721447
99,"x_shape",48.53062937,34.15245001
100,"x_shape",65.53078147,42.2810847
101,"x_shape",70.11803414,36.44818479
102,"x_shape",70.47226261,36.08805306
103,"x_shape",76.79113007,28.07200817
104,"x_shape",72.40935459,33.03925697
105,"x_shape",76.27129982,25.56954415
106,"x_shape",76.95325914,27.77061074
107,"x_shape",75.10773009,30.01698342
108,"x_shape",75.9692852,29.03886538
109,"x_shape",75.28388701,24.87475317
110,"x_shape",77.05224064,27.90563909
111,"x_shape",42.82675634,25.55695941
112,"x_shape",42.08066069,24.94652645
113,"x_shape",39.87830465,18.32492922
114,"x_shape",36.47549917,17.71894779
115,"x_shape",37.10307364,15.44561165
116,"x_shape",34.14896821,13.52386987
117,"x_shape",37.57942191,15.01589013
118,"x_shape",41.06430579,12.21446893
119,"x_shape",42.19526615,20.91937219
120,"x_shape",36.60557824,15.74887589
121,"x_shape",39.43116121,19.32384075
122,"x_shape",37.56207634,11.9284457
123,"x_shape",34.23811004,13.71315823
124,"x_shape",34.14094104,4.57766135
125,"x_shape",36.6592677,17.68196446
126,"x_shape",40.64371928,20.24086137
127,"x_shape",36.79248159,13.39213473
128,"x_shape",75.94830064,22.74479591
129,"x_shape",76.84069247,20.91854722
130,"x_shape",81.95047764,19.87455821
131,"x_shape",81.64370569,16.59175998
132,"x_shape",84.61021978,14.2477619
133,"x_shape",84.10287943,8.98065579
134,"x_shape",80.18002545,19.08884413
135,"x_shape",80.57327299,8.365638902
136,"x_shape",79.00432686,10.62819777
137,"x_shape",40.04818647,24.26148793
138,"x_shape",34.79459354,13.96968346
139,"x_shape",79.22176444,22.09459148
140,"x_shape",36.03087977,93.12173324
141,"x_shape",34.49955831,86.60998505
142,"x_shape",31.10686656,89.46163524
